{"cameraMode":{"drawMode":0,"name":"Shaded","section":"Shading Mode"},"sceneLighting":false,"audioPlay":false,"sceneViewState":{"showFog":true,"showMaterialUpdate":false,"showSkybox":false,"showFlares":true,"showImageEffects":true,"showParticleSystems":true},"in2DMode":false,"pivot":{"x":-0.042161908000707629,"y":-400.9059143066406,"z":-1.9492712020874024},"rotation":{"x":-0.22788792848587037,"y":0.021296828985214235,"z":0.005030250642448664,"w":0.9734420776367188},"size":0.9746872782707214,"orthographic":false}